-- MySQL dump 10.13  Distrib 8.0.40, for Win64 (x86_64)
--
-- Host: 127.0.0.1    Database: chatsystem
-- ------------------------------------------------------
-- Server version	8.0.40

/*!40101 SET @OLD_CHARACTER_SET_CLIENT=@@CHARACTER_SET_CLIENT */;
/*!40101 SET @OLD_CHARACTER_SET_RESULTS=@@CHARACTER_SET_RESULTS */;
/*!40101 SET @OLD_COLLATION_CONNECTION=@@COLLATION_CONNECTION */;
/*!50503 SET NAMES utf8 */;
/*!40103 SET @OLD_TIME_ZONE=@@TIME_ZONE */;
/*!40103 SET TIME_ZONE='+00:00' */;
/*!40014 SET @OLD_UNIQUE_CHECKS=@@UNIQUE_CHECKS, UNIQUE_CHECKS=0 */;
/*!40014 SET @OLD_FOREIGN_KEY_CHECKS=@@FOREIGN_KEY_CHECKS, FOREIGN_KEY_CHECKS=0 */;
/*!40101 SET @OLD_SQL_MODE=@@SQL_MODE, SQL_MODE='NO_AUTO_VALUE_ON_ZERO' */;
/*!40111 SET @OLD_SQL_NOTES=@@SQL_NOTES, SQL_NOTES=0 */;

--
-- Table structure for table `chat_group`
--

DROP TABLE IF EXISTS `chat_group`;
/*!40101 SET @saved_cs_client     = @@character_set_client */;
/*!50503 SET character_set_client = utf8mb4 */;
CREATE TABLE `chat_group` (
  `group_id` int NOT NULL AUTO_INCREMENT,
  `group_name` varchar(100) COLLATE utf8mb4_unicode_ci DEFAULT 'New group chat',
  `group_type` int DEFAULT '2',
  `created_by` int DEFAULT NULL,
  `created_at` timestamp NULL DEFAULT CURRENT_TIMESTAMP,
  `is_encrypted` tinyint(1) DEFAULT '0',
  PRIMARY KEY (`group_id`),
  KEY `created_by` (`created_by`),
  CONSTRAINT `chat_group_ibfk_1` FOREIGN KEY (`created_by`) REFERENCES `users` (`user_id`) ON DELETE SET NULL
) ENGINE=InnoDB AUTO_INCREMENT=53 DEFAULT CHARSET=utf8mb4 COLLATE=utf8mb4_unicode_ci;
/*!40101 SET character_set_client = @saved_cs_client */;

--
-- Dumping data for table `chat_group`
--

LOCK TABLES `chat_group` WRITE;
/*!40000 ALTER TABLE `chat_group` DISABLE KEYS */;
INSERT INTO `chat_group` VALUES (1,'Java',3,1,'2024-12-08 16:44:22',0),(2,'New group chat',2,NULL,'2024-12-08 16:44:22',0),(3,'New group chat',2,NULL,'2024-12-08 16:44:22',0),(15,'New group chat',2,NULL,'2024-12-12 08:46:00',0),(16,'New group chat',2,NULL,'2024-12-12 15:44:14',0),(19,'New group chat',2,NULL,'2024-12-12 15:44:46',0),(20,'New group chat',2,NULL,'2024-12-12 18:16:24',0),(21,'New group chat',2,NULL,'2024-12-18 18:45:24',0),(22,'New group chat',2,NULL,'2024-12-18 18:51:13',0),(23,'Tình bạn diệu kỳ',3,21,'2024-12-18 19:05:18',0),(24,'New group chat',2,NULL,'2024-12-18 20:07:18',0),(25,'New group chat',2,NULL,'2024-12-18 20:07:43',0),(26,'New group chat',2,NULL,'2024-12-20 03:34:49',0),(27,'New group chat',2,NULL,'2024-12-20 13:20:17',0),(28,'Web',3,1,'2024-12-20 13:32:21',0),(29,'New group chat',2,NULL,'2024-12-22 02:42:53',0),(30,'New group chat',2,NULL,'2024-12-22 02:48:42',0),(31,'New group chat',2,NULL,'2024-12-22 02:53:54',0),(32,'New group chat',2,NULL,'2024-12-22 02:56:25',0),(33,'New group chat',2,NULL,'2024-12-22 02:57:51',0),(36,'New group chat',2,NULL,'2024-12-22 10:04:35',0),(42,'New group chat',3,NULL,'2024-12-22 10:52:35',0),(46,'Hello Test',3,NULL,'2024-12-22 11:06:00',0),(48,'Hi',3,NULL,'2024-12-22 11:07:35',0),(49,'1 2 3 ...',3,NULL,'2024-12-22 11:13:26',0),(50,'Java Test Demo',3,NULL,'2024-12-22 11:13:54',0),(51,'Java Demo 2',3,1,'2024-12-22 11:20:17',0),(52,'New group chat',2,NULL,'2024-12-22 11:26:29',0);
/*!40000 ALTER TABLE `chat_group` ENABLE KEYS */;
UNLOCK TABLES;

--
-- Table structure for table `group_members`
--

DROP TABLE IF EXISTS `group_members`;
/*!40101 SET @saved_cs_client     = @@character_set_client */;
/*!50503 SET character_set_client = utf8mb4 */;
CREATE TABLE `group_members` (
  `group_id` int NOT NULL,
  `user_id` int NOT NULL,
  `role` enum('admin','member') COLLATE utf8mb4_unicode_ci DEFAULT 'member',
  `joined_at` timestamp NULL DEFAULT CURRENT_TIMESTAMP,
  PRIMARY KEY (`group_id`,`user_id`),
  KEY `user_id` (`user_id`),
  CONSTRAINT `group_members_ibfk_1` FOREIGN KEY (`group_id`) REFERENCES `chat_group` (`group_id`) ON DELETE CASCADE,
  CONSTRAINT `group_members_ibfk_2` FOREIGN KEY (`user_id`) REFERENCES `users` (`user_id`) ON DELETE CASCADE
) ENGINE=InnoDB DEFAULT CHARSET=utf8mb4 COLLATE=utf8mb4_unicode_ci;
/*!40101 SET character_set_client = @saved_cs_client */;

--
-- Dumping data for table `group_members`
--

LOCK TABLES `group_members` WRITE;
/*!40000 ALTER TABLE `group_members` DISABLE KEYS */;
INSERT INTO `group_members` VALUES (1,1,'admin','2024-12-08 16:48:06'),(1,2,'member','2024-12-08 16:48:06'),(1,3,'member','2024-12-08 16:48:06'),(1,21,'member','2024-12-20 13:06:12'),(2,1,'member','2024-12-08 16:48:06'),(2,2,'member','2024-12-08 16:48:06'),(3,1,'member','2024-12-08 16:48:06'),(3,3,'member','2024-12-08 16:48:06'),(15,1,'member','2024-12-12 08:46:00'),(15,14,'member','2024-12-12 08:46:00'),(16,1,'member','2024-12-12 15:44:14'),(16,15,'member','2024-12-12 15:44:14'),(19,1,'member','2024-12-12 15:44:46'),(19,16,'member','2024-12-12 15:44:46'),(20,1,'member','2024-12-12 18:16:43'),(20,17,'member','2024-12-12 18:16:43'),(21,1,'member','2024-12-18 18:45:35'),(21,21,'member','2024-12-18 18:45:37'),(22,2,'member','2024-12-18 18:51:13'),(22,21,'member','2024-12-18 18:51:13'),(23,1,'admin','2024-12-18 19:06:53'),(23,21,'admin','2024-12-18 19:05:18'),(24,15,'member','2024-12-18 20:07:18'),(24,16,'member','2024-12-18 20:07:18'),(25,16,'member','2024-12-18 20:07:43'),(25,21,'member','2024-12-18 20:07:43'),(26,1,'member','2024-12-20 03:34:49'),(26,22,'member','2024-12-20 03:34:49'),(27,2,'member','2024-12-20 13:20:17'),(27,3,'member','2024-12-20 13:20:17'),(28,1,'admin','2024-12-20 13:32:21'),(28,2,'member','2024-12-20 13:32:21'),(29,21,'member','2024-12-22 02:42:53'),(29,22,'member','2024-12-22 02:42:53'),(30,2,'member','2024-12-22 02:48:42'),(30,22,'member','2024-12-22 02:48:42'),(31,3,'member','2024-12-22 02:53:54'),(31,22,'member','2024-12-22 02:53:54'),(32,14,'member','2024-12-22 02:56:25'),(32,22,'member','2024-12-22 02:56:25'),(33,2,'member','2024-12-22 02:57:51'),(33,14,'member','2024-12-22 02:57:51'),(36,15,'member','2024-12-22 10:04:35'),(36,22,'member','2024-12-22 10:04:35'),(42,1,'member','2024-12-22 10:52:35'),(42,31,'member','2024-12-22 10:52:35'),(46,1,'member','2024-12-22 11:06:00'),(46,2,'member','2024-12-22 11:06:00'),(48,1,'member','2024-12-22 11:07:35'),(48,2,'member','2024-12-22 11:07:35'),(49,1,'member','2024-12-22 11:13:26'),(49,3,'member','2024-12-22 11:13:26'),(50,1,'member','2024-12-22 11:13:54'),(50,2,'member','2024-12-22 11:14:14'),(50,31,'member','2024-12-22 11:13:54'),(51,1,'admin','2024-12-22 11:20:17'),(51,31,'admin','2024-12-22 11:20:17'),(52,2,'member','2024-12-22 11:26:29'),(52,31,'member','2024-12-22 11:26:29');
/*!40000 ALTER TABLE `group_members` ENABLE KEYS */;
UNLOCK TABLES;

--
-- Table structure for table `group_messages`
--

DROP TABLE IF EXISTS `group_messages`;
/*!40101 SET @saved_cs_client     = @@character_set_client */;
/*!50503 SET character_set_client = utf8mb4 */;
CREATE TABLE `group_messages` (
  `message_id` int NOT NULL AUTO_INCREMENT,
  `group_id` int NOT NULL,
  `sender_id` int DEFAULT NULL,
  `message` text COLLATE utf8mb4_unicode_ci NOT NULL,
  `sent_at` timestamp NULL DEFAULT CURRENT_TIMESTAMP,
  PRIMARY KEY (`message_id`),
  KEY `group_id` (`group_id`),
  KEY `sender_id` (`sender_id`),
  CONSTRAINT `group_messages_ibfk_1` FOREIGN KEY (`group_id`) REFERENCES `chat_group` (`group_id`) ON DELETE CASCADE,
  CONSTRAINT `group_messages_ibfk_2` FOREIGN KEY (`sender_id`) REFERENCES `users` (`user_id`) ON DELETE SET NULL
) ENGINE=InnoDB AUTO_INCREMENT=108 DEFAULT CHARSET=utf8mb4 COLLATE=utf8mb4_unicode_ci;
/*!40101 SET character_set_client = @saved_cs_client */;

--
-- Dumping data for table `group_messages`
--

LOCK TABLES `group_messages` WRITE;
/*!40000 ALTER TABLE `group_messages` DISABLE KEYS */;
INSERT INTO `group_messages` VALUES (1,2,1,'Hello','2024-12-08 16:48:54'),(2,1,2,'Hi','2024-12-08 16:48:59'),(3,3,1,'Hehe','2024-12-08 16:49:06'),(4,2,2,'Bye','2024-12-08 16:49:18'),(5,2,2,'Oki','2024-12-08 16:49:26'),(6,2,1,'Hello','2024-12-08 16:50:06'),(7,1,2,'Hello dang o lop web ne','2024-12-09 02:34:18'),(8,1,2,'hehe','2024-12-09 02:34:20'),(9,1,1,'ok bro','2024-12-09 02:34:26'),(10,2,2,'oke bai bai','2024-12-09 02:34:40'),(11,2,1,'Oke bye','2024-12-12 15:48:00'),(12,2,1,'See u later','2024-12-12 15:48:04'),(13,2,1,'Good morning','2024-12-12 15:48:10'),(14,2,1,'How ya doing','2024-12-12 15:48:19'),(15,1,1,'Ua mai co di hoc phap luat dai cuong hong','2024-12-12 17:35:04'),(16,20,1,'Hi','2024-12-12 18:27:30'),(17,16,15,'Hello anh','2024-12-13 03:29:15'),(18,16,1,'Hi em','2024-12-13 03:29:38'),(19,16,1,'co viec gi khong','2024-12-13 03:29:41'),(20,15,1,'Hello','2024-12-13 07:20:49'),(21,3,1,'Hello be','2024-12-14 16:00:51'),(22,3,1,'Cho anh làm quen nha','2024-12-14 16:01:00'),(23,3,1,'được hem','2024-12-14 16:01:02'),(24,3,3,'oki anh','2024-12-14 16:01:41'),(25,3,3,'nhà anh ở đâu thế','2024-12-14 16:02:28'),(26,3,3,'nhà em ở Ninh Thuận á','2024-12-14 16:05:05'),(27,21,1,'Hello','2024-12-18 18:46:10'),(28,23,1,'Hello','2024-12-18 19:05:42'),(29,19,1,'Chao cau','2024-12-18 19:13:29'),(30,19,16,'Hi','2024-12-18 19:28:06'),(31,19,16,'Hi','2024-12-18 19:32:20'),(32,19,16,'Hello','2024-12-18 19:32:28'),(33,19,16,'Hi','2024-12-18 19:34:22'),(34,19,16,'Hi','2024-12-18 19:36:44'),(35,19,1,'Hi','2024-12-18 19:40:08'),(36,19,16,'Hi','2024-12-18 19:41:43'),(37,19,16,'Hi','2024-12-18 19:42:34'),(38,19,1,'Hello','2024-12-18 19:42:48'),(39,2,1,'1','2024-12-19 04:19:33'),(40,2,1,'2','2024-12-19 04:19:34'),(41,2,1,'3','2024-12-19 04:19:34'),(42,2,1,'4','2024-12-19 04:19:34'),(43,2,1,'5','2024-12-19 04:19:35'),(44,2,1,'6','2024-12-19 04:19:35'),(45,2,1,'7','2024-12-19 04:19:36'),(46,2,1,'8','2024-12-19 04:19:36'),(47,2,1,'8','2024-12-19 04:19:37'),(48,2,1,'9','2024-12-19 04:19:37'),(49,2,1,'10','2024-12-19 04:19:39'),(50,2,1,'hello','2024-12-19 04:19:43'),(51,2,1,'1','2024-12-19 05:03:39'),(52,2,1,'2','2024-12-19 05:03:40'),(53,2,1,'3','2024-12-19 05:03:40'),(54,2,1,'4','2024-12-19 05:03:40'),(55,2,1,'5','2024-12-19 05:03:41'),(56,2,1,'6','2024-12-19 05:03:41'),(57,2,1,'7','2024-12-19 05:03:42'),(58,2,1,'8','2024-12-19 05:03:42'),(59,2,1,'9','2024-12-19 05:03:43'),(60,2,1,'10','2024-12-19 05:03:45'),(61,2,1,'11','2024-12-19 05:03:46'),(62,2,1,'12','2024-12-19 05:03:47'),(63,2,1,'13','2024-12-19 05:03:48'),(64,2,1,'hello','2024-12-19 05:03:49'),(65,3,1,'Hi','2024-12-19 09:19:51'),(66,3,1,'Hello em','2024-12-19 13:59:02'),(67,3,1,'T7 này đi cafe hong','2024-12-19 13:59:07'),(68,1,3,'hinh nhu hong a','2024-12-19 14:00:31'),(69,3,1,'Hello','2024-12-19 16:42:20'),(70,3,1,'Xin chao','2024-12-19 16:42:27'),(71,23,1,'Chao ban','2024-12-19 18:47:07'),(72,1,2,'Hi','2024-12-20 13:05:57'),(73,1,21,'Hello mọi người','2024-12-20 13:06:48'),(74,1,2,'xin chao','2024-12-20 13:08:19'),(75,1,21,'Rat han hanh gap cac ban','2024-12-20 13:10:09'),(76,1,21,'CN tuan nay di choi hong','2024-12-20 13:12:38'),(77,1,3,'Oke','2024-12-20 13:14:59'),(78,1,3,'Oke','2024-12-20 13:16:08'),(79,1,3,'Oke','2024-12-20 13:16:25'),(80,1,3,'Oke','2024-12-20 13:16:48'),(81,1,21,'Chot','2024-12-20 13:18:48'),(82,27,3,'Hello','2024-12-20 13:20:24'),(83,28,1,'Hello','2024-12-20 13:32:32'),(84,29,22,'Hello','2024-12-22 02:43:07'),(85,32,14,'Hello','2024-12-22 02:56:46'),(86,33,14,'Hello','2024-12-22 02:58:01'),(100,42,1,'Hello','2024-12-22 10:52:59'),(101,50,31,'Hello','2024-12-22 11:14:02'),(102,50,2,'Hello moi nguoi','2024-12-22 11:14:55'),(103,51,1,'Hello','2024-12-22 11:20:30'),(104,51,31,'Chao ban','2024-12-22 11:20:35'),(105,51,2,'Chao moi nguoi','2024-12-22 11:20:58'),(106,51,1,'Chao','2024-12-22 11:24:48'),(107,52,31,'Hello','2024-12-22 11:26:38');
/*!40000 ALTER TABLE `group_messages` ENABLE KEYS */;
UNLOCK TABLES;

--
-- Table structure for table `login_history`
--

DROP TABLE IF EXISTS `login_history`;
/*!40101 SET @saved_cs_client     = @@character_set_client */;
/*!50503 SET character_set_client = utf8mb4 */;
CREATE TABLE `login_history` (
  `login_id` int NOT NULL AUTO_INCREMENT,
  `user_id` int DEFAULT NULL,
  `logged_in_at` timestamp NULL DEFAULT CURRENT_TIMESTAMP,
  PRIMARY KEY (`login_id`),
  KEY `user_id` (`user_id`),
  CONSTRAINT `login_history_ibfk_1` FOREIGN KEY (`user_id`) REFERENCES `users` (`user_id`) ON DELETE CASCADE
) ENGINE=InnoDB AUTO_INCREMENT=632 DEFAULT CHARSET=utf8mb4 COLLATE=utf8mb4_unicode_ci;
/*!40101 SET character_set_client = @saved_cs_client */;

--
-- Dumping data for table `login_history`
--

LOCK TABLES `login_history` WRITE;
/*!40000 ALTER TABLE `login_history` DISABLE KEYS */;
INSERT INTO `login_history` VALUES (1,1,'2024-12-08 16:48:40'),(2,2,'2024-12-08 16:48:47'),(3,1,'2024-12-09 01:14:04'),(4,1,'2024-12-09 01:33:32'),(5,1,'2024-12-09 01:35:20'),(6,1,'2024-12-09 01:35:56'),(7,1,'2024-12-09 01:37:15'),(8,1,'2024-12-09 01:38:06'),(9,1,'2024-12-09 01:40:46'),(10,1,'2024-12-09 01:42:15'),(11,1,'2024-12-09 01:47:30'),(12,1,'2024-12-09 01:48:06'),(13,1,'2024-12-09 01:48:41'),(14,1,'2024-12-09 01:53:23'),(15,1,'2024-12-09 02:01:33'),(16,1,'2024-12-09 02:02:44'),(17,1,'2024-12-09 02:10:41'),(18,1,'2024-12-09 02:25:10'),(19,1,'2024-12-09 02:25:55'),(20,1,'2024-12-09 02:34:01'),(21,2,'2024-12-09 02:34:07'),(22,1,'2024-12-09 02:35:54'),(23,1,'2024-12-09 02:37:32'),(24,1,'2024-12-09 02:41:29'),(25,1,'2024-12-09 02:42:38'),(26,1,'2024-12-09 02:46:12'),(27,1,'2024-12-09 02:46:48'),(28,1,'2024-12-09 02:48:33'),(29,1,'2024-12-09 02:51:05'),(30,1,'2024-12-09 08:18:27'),(31,1,'2024-12-09 08:23:49'),(32,1,'2024-12-09 08:24:46'),(33,1,'2024-12-09 08:28:45'),(34,1,'2024-12-09 08:29:41'),(35,1,'2024-12-09 08:30:42'),(36,1,'2024-12-09 08:32:52'),(37,1,'2024-12-09 08:34:14'),(38,1,'2024-12-09 08:35:05'),(39,1,'2024-12-09 08:36:23'),(40,1,'2024-12-09 08:37:16'),(41,1,'2024-12-09 08:38:10'),(42,1,'2024-12-09 08:38:26'),(43,1,'2024-12-09 08:38:51'),(44,1,'2024-12-09 08:39:47'),(45,1,'2024-12-09 08:44:01'),(46,1,'2024-12-09 08:45:22'),(47,1,'2024-12-09 08:52:18'),(48,1,'2024-12-09 09:00:04'),(49,1,'2024-12-09 09:09:02'),(50,1,'2024-12-09 09:14:46'),(51,1,'2024-12-09 09:22:29'),(52,1,'2024-12-09 09:24:14'),(53,1,'2024-12-09 09:28:39'),(54,1,'2024-12-09 09:34:59'),(55,1,'2024-12-09 09:38:40'),(56,1,'2024-12-09 09:41:34'),(57,1,'2024-12-09 09:42:16'),(58,1,'2024-12-09 09:43:25'),(59,1,'2024-12-09 09:44:01'),(60,1,'2024-12-09 09:44:53'),(61,1,'2024-12-09 09:46:56'),(62,1,'2024-12-09 09:51:40'),(63,1,'2024-12-09 09:57:02'),(64,1,'2024-12-09 12:01:18'),(65,1,'2024-12-09 12:09:29'),(66,1,'2024-12-09 12:13:56'),(67,1,'2024-12-09 12:14:24'),(68,1,'2024-12-09 12:16:05'),(69,1,'2024-12-09 12:31:04'),(70,1,'2024-12-09 12:32:15'),(71,1,'2024-12-09 13:20:16'),(72,1,'2024-12-09 16:09:25'),(73,1,'2024-12-09 16:10:54'),(74,1,'2024-12-09 16:38:01'),(75,1,'2024-12-09 16:39:48'),(76,1,'2024-12-09 16:44:02'),(77,1,'2024-12-10 01:55:17'),(78,2,'2024-12-10 01:56:58'),(79,1,'2024-12-10 02:03:58'),(80,1,'2024-12-10 02:13:44'),(81,1,'2024-12-10 09:04:24'),(82,1,'2024-12-10 09:07:24'),(83,1,'2024-12-10 09:22:37'),(84,1,'2024-12-10 09:25:22'),(85,1,'2024-12-10 09:33:39'),(86,1,'2024-12-10 09:58:00'),(87,1,'2024-12-10 09:58:00'),(88,1,'2024-12-10 09:58:18'),(89,1,'2024-12-10 10:04:39'),(90,1,'2024-12-10 11:00:59'),(91,1,'2024-12-10 11:00:59'),(92,1,'2024-12-10 11:00:59'),(93,1,'2024-12-10 11:00:59'),(94,1,'2024-12-10 11:00:59'),(95,1,'2024-12-10 11:00:59'),(96,1,'2024-12-10 11:37:57'),(97,1,'2024-12-10 11:37:57'),(98,1,'2024-12-10 11:39:29'),(99,1,'2024-12-10 11:39:29'),(100,1,'2024-12-10 11:42:54'),(101,1,'2024-12-10 11:48:17'),(102,1,'2024-12-10 11:53:26'),(103,1,'2024-12-10 11:53:26'),(104,1,'2024-12-10 11:57:17'),(105,1,'2024-12-10 11:57:17'),(106,1,'2024-12-10 11:57:17'),(107,1,'2024-12-10 11:57:49'),(108,1,'2024-12-10 11:58:24'),(109,1,'2024-12-10 11:59:10'),(110,1,'2024-12-10 11:59:54'),(111,1,'2024-12-10 11:59:54'),(112,1,'2024-12-10 11:59:54'),(113,1,'2024-12-10 11:59:54'),(114,1,'2024-12-10 12:23:58'),(115,1,'2024-12-10 16:52:02'),(116,1,'2024-12-10 17:25:16'),(117,1,'2024-12-10 17:25:44'),(118,1,'2024-12-10 18:43:23'),(119,1,'2024-12-10 18:43:58'),(120,1,'2024-12-10 18:48:32'),(121,1,'2024-12-10 18:48:57'),(122,1,'2024-12-10 18:49:23'),(123,1,'2024-12-10 19:06:20'),(124,1,'2024-12-10 19:07:32'),(125,1,'2024-12-10 19:09:05'),(126,1,'2024-12-10 20:10:35'),(127,1,'2024-12-10 20:17:29'),(128,1,'2024-12-10 20:21:44'),(129,1,'2024-12-10 20:47:51'),(130,1,'2024-12-10 20:50:37'),(131,1,'2024-12-10 20:52:52'),(132,1,'2024-12-10 20:54:48'),(133,1,'2024-12-10 21:40:38'),(134,1,'2024-12-10 21:44:22'),(135,1,'2024-12-10 21:47:28'),(136,1,'2024-12-11 02:38:01'),(137,1,'2024-12-11 02:55:46'),(138,1,'2024-12-11 03:01:18'),(139,1,'2024-12-11 03:04:12'),(140,1,'2024-12-11 03:04:48'),(141,1,'2024-12-11 03:06:22'),(142,1,'2024-12-11 03:07:05'),(143,1,'2024-12-11 03:07:28'),(144,1,'2024-12-11 03:07:47'),(145,1,'2024-12-11 03:09:02'),(146,1,'2024-12-11 03:10:27'),(147,1,'2024-12-11 03:11:35'),(148,1,'2024-12-11 03:11:58'),(149,1,'2024-12-11 03:13:20'),(150,1,'2024-12-11 03:14:11'),(151,1,'2024-12-11 03:14:29'),(152,1,'2024-12-11 03:15:18'),(153,1,'2024-12-11 03:15:31'),(154,1,'2024-12-11 03:15:50'),(155,1,'2024-12-11 03:16:07'),(156,1,'2024-12-11 03:17:03'),(157,1,'2024-12-11 03:19:55'),(158,1,'2024-12-11 03:20:52'),(159,1,'2024-12-11 03:21:54'),(160,1,'2024-12-11 03:23:30'),(161,1,'2024-12-11 03:24:27'),(162,1,'2024-12-11 03:25:59'),(163,1,'2024-12-11 03:27:09'),(164,1,'2024-12-11 03:28:18'),(165,1,'2024-12-11 03:29:15'),(166,1,'2024-12-11 03:30:22'),(167,1,'2024-12-11 03:32:34'),(168,1,'2024-12-11 03:33:42'),(169,1,'2024-12-11 03:35:01'),(170,1,'2024-12-11 03:35:30'),(171,1,'2024-12-11 03:35:51'),(172,1,'2024-12-11 03:36:25'),(173,1,'2024-12-11 03:37:39'),(174,1,'2024-12-11 03:39:06'),(175,1,'2024-12-11 03:43:16'),(176,1,'2024-12-11 03:45:21'),(177,1,'2024-12-11 03:48:33'),(178,1,'2024-12-11 03:49:49'),(179,1,'2024-12-11 03:52:52'),(180,1,'2024-12-11 03:54:47'),(181,1,'2024-12-11 03:55:46'),(182,1,'2024-12-11 03:57:26'),(183,1,'2024-12-11 03:59:07'),(184,1,'2024-12-11 04:00:30'),(185,1,'2024-12-11 04:02:48'),(186,1,'2024-12-11 04:03:05'),(187,1,'2024-12-11 04:06:29'),(188,1,'2024-12-11 04:09:27'),(189,1,'2024-12-11 04:10:47'),(190,1,'2024-12-11 04:11:28'),(191,1,'2024-12-11 04:12:00'),(192,1,'2024-12-11 04:13:00'),(193,1,'2024-12-11 04:13:24'),(194,1,'2024-12-11 04:14:17'),(195,1,'2024-12-11 04:14:35'),(196,1,'2024-12-11 04:44:21'),(197,1,'2024-12-11 04:45:02'),(198,1,'2024-12-11 04:49:19'),(199,1,'2024-12-11 04:50:27'),(200,1,'2024-12-11 04:51:49'),(201,1,'2024-12-11 04:52:33'),(202,1,'2024-12-11 04:53:04'),(203,1,'2024-12-11 04:53:27'),(204,1,'2024-12-11 04:54:05'),(205,1,'2024-12-11 04:54:34'),(206,1,'2024-12-11 04:55:42'),(207,1,'2024-12-11 04:57:00'),(208,1,'2024-12-11 04:57:18'),(209,1,'2024-12-11 05:04:26'),(210,1,'2024-12-11 05:05:13'),(211,1,'2024-12-11 05:05:33'),(212,1,'2024-12-11 05:06:37'),(213,1,'2024-12-11 05:07:14'),(214,1,'2024-12-11 05:07:52'),(215,1,'2024-12-11 05:08:42'),(216,1,'2024-12-11 05:09:13'),(217,1,'2024-12-11 05:10:18'),(218,1,'2024-12-11 05:10:45'),(219,1,'2024-12-11 05:11:37'),(220,1,'2024-12-11 05:11:46'),(221,1,'2024-12-11 05:12:47'),(222,1,'2024-12-11 05:13:10'),(223,1,'2024-12-11 06:19:40'),(224,1,'2024-12-11 06:24:09'),(225,1,'2024-12-11 06:32:32'),(226,1,'2024-12-11 06:43:29'),(227,1,'2024-12-11 06:44:24'),(228,1,'2024-12-11 06:45:14'),(229,1,'2024-12-11 06:52:13'),(230,1,'2024-12-11 06:52:55'),(231,1,'2024-12-11 06:54:23'),(232,1,'2024-12-11 06:54:50'),(233,1,'2024-12-11 06:55:21'),(234,1,'2024-12-11 07:20:53'),(235,1,'2024-12-11 07:22:42'),(236,1,'2024-12-11 14:58:39'),(237,1,'2024-12-12 02:48:01'),(238,1,'2024-12-12 02:49:53'),(239,1,'2024-12-12 02:50:01'),(240,1,'2024-12-12 02:50:02'),(241,1,'2024-12-12 02:50:14'),(242,1,'2024-12-12 02:51:13'),(243,1,'2024-12-12 02:53:17'),(244,1,'2024-12-12 03:01:08'),(245,1,'2024-12-12 03:04:10'),(246,1,'2024-12-12 03:06:34'),(247,1,'2024-12-12 03:13:14'),(248,1,'2024-12-12 03:14:35'),(249,1,'2024-12-12 03:17:23'),(250,1,'2024-12-12 03:30:55'),(251,1,'2024-12-12 03:37:50'),(252,1,'2024-12-12 03:40:00'),(253,1,'2024-12-12 03:46:58'),(254,1,'2024-12-12 03:51:05'),(255,1,'2024-12-12 03:51:36'),(256,1,'2024-12-12 03:54:01'),(257,1,'2024-12-12 03:56:12'),(258,1,'2024-12-12 03:57:09'),(259,1,'2024-12-12 04:01:39'),(260,1,'2024-12-12 04:06:07'),(261,1,'2024-12-12 04:08:42'),(262,1,'2024-12-12 04:20:45'),(263,1,'2024-12-12 04:21:46'),(264,1,'2024-12-12 04:28:44'),(265,1,'2024-12-12 04:29:26'),(266,1,'2024-12-12 04:32:15'),(267,1,'2024-12-12 04:35:39'),(268,1,'2024-12-12 04:38:27'),(269,1,'2024-12-12 04:41:58'),(270,1,'2024-12-12 04:45:56'),(271,1,'2024-12-12 04:47:35'),(272,1,'2024-12-12 04:48:07'),(273,1,'2024-12-12 04:49:22'),(274,1,'2024-12-12 04:50:16'),(275,1,'2024-12-12 04:53:42'),(276,1,'2024-12-12 04:55:04'),(277,1,'2024-12-12 05:10:39'),(278,1,'2024-12-12 05:44:08'),(279,1,'2024-12-12 05:44:54'),(280,1,'2024-12-12 05:45:47'),(281,1,'2024-12-12 05:49:16'),(282,1,'2024-12-12 05:56:02'),(283,1,'2024-12-12 05:57:39'),(284,1,'2024-12-12 07:52:00'),(285,1,'2024-12-12 08:01:04'),(286,1,'2024-12-12 08:21:29'),(287,1,'2024-12-12 08:22:28'),(288,1,'2024-12-12 08:42:56'),(289,1,'2024-12-12 08:49:57'),(290,1,'2024-12-12 15:13:03'),(291,1,'2024-12-12 15:15:41'),(292,1,'2024-12-12 15:30:08'),(293,1,'2024-12-12 15:32:36'),(294,1,'2024-12-12 15:38:54'),(295,1,'2024-12-12 15:42:18'),(296,1,'2024-12-12 17:33:55'),(297,1,'2024-12-12 17:53:53'),(298,1,'2024-12-12 18:16:49'),(299,1,'2024-12-12 18:18:00'),(300,1,'2024-12-12 18:27:14'),(301,1,'2024-12-12 18:28:16'),(302,1,'2024-12-12 18:30:09'),(303,1,'2024-12-13 03:17:59'),(304,1,'2024-12-13 03:20:52'),(305,1,'2024-12-13 03:21:51'),(306,1,'2024-12-13 03:22:27'),(307,1,'2024-12-13 03:24:44'),(308,1,'2024-12-13 03:25:02'),(309,1,'2024-12-13 03:25:41'),(310,1,'2024-12-13 03:26:34'),(311,15,'2024-12-13 03:27:44'),(312,1,'2024-12-13 05:05:31'),(313,15,'2024-12-13 05:05:39'),(314,15,'2024-12-13 05:06:19'),(315,1,'2024-12-13 05:07:49'),(316,15,'2024-12-13 05:08:04'),(317,15,'2024-12-13 05:08:43'),(318,1,'2024-12-13 07:11:11'),(319,1,'2024-12-13 07:12:43'),(320,1,'2024-12-13 07:14:53'),(321,1,'2024-12-13 07:18:34'),(322,1,'2024-12-13 07:19:11'),(323,1,'2024-12-13 07:19:59'),(324,1,'2024-12-13 11:12:23'),(325,1,'2024-12-13 11:20:08'),(326,1,'2024-12-13 11:22:22'),(327,1,'2024-12-13 11:26:05'),(328,1,'2024-12-13 11:35:57'),(329,1,'2024-12-13 11:42:44'),(330,1,'2024-12-13 11:43:32'),(331,1,'2024-12-13 11:44:09'),(332,1,'2024-12-13 11:44:26'),(333,1,'2024-12-13 11:46:31'),(334,1,'2024-12-13 15:08:50'),(335,15,'2024-12-13 15:10:06'),(336,1,'2024-12-13 15:23:13'),(337,1,'2024-12-14 11:13:48'),(338,1,'2024-12-14 11:17:33'),(339,1,'2024-12-14 11:19:49'),(340,1,'2024-12-14 11:21:59'),(341,1,'2024-12-14 11:26:51'),(342,1,'2024-12-14 11:27:46'),(343,1,'2024-12-14 11:42:18'),(344,1,'2024-12-14 11:46:25'),(345,1,'2024-12-14 11:53:39'),(346,1,'2024-12-14 11:54:09'),(347,1,'2024-12-14 12:43:02'),(348,1,'2024-12-14 15:11:57'),(349,1,'2024-12-14 15:15:22'),(350,1,'2024-12-14 15:16:30'),(351,1,'2024-12-14 15:17:03'),(352,1,'2024-12-14 15:17:45'),(353,1,'2024-12-14 15:18:01'),(354,1,'2024-12-14 15:25:45'),(355,1,'2024-12-14 15:40:57'),(356,1,'2024-12-14 15:50:28'),(357,1,'2024-12-14 15:50:59'),(358,3,'2024-12-14 15:51:44'),(359,1,'2024-12-14 15:57:18'),(360,1,'2024-12-14 15:59:26'),(361,1,'2024-12-14 16:00:17'),(362,3,'2024-12-14 16:01:26'),(363,1,'2024-12-14 16:04:52'),(364,1,'2024-12-17 09:28:02'),(365,3,'2024-12-17 09:28:45'),(366,19,'2024-12-17 09:39:33'),(367,1,'2024-12-17 12:38:08'),(368,19,'2024-12-17 12:38:56'),(369,1,'2024-12-17 12:47:55'),(370,1,'2024-12-17 12:49:15'),(371,1,'2024-12-17 12:50:53'),(372,19,'2024-12-17 13:06:22'),(373,1,'2024-12-17 18:18:41'),(374,1,'2024-12-17 19:22:13'),(375,1,'2024-12-17 19:30:02'),(376,1,'2024-12-17 19:31:03'),(377,1,'2024-12-18 07:59:15'),(378,1,'2024-12-18 08:02:24'),(379,1,'2024-12-18 08:03:35'),(380,1,'2024-12-18 08:04:07'),(381,1,'2024-12-18 08:05:00'),(382,1,'2024-12-18 08:06:45'),(383,1,'2024-12-18 08:19:37'),(384,1,'2024-12-18 08:20:38'),(385,1,'2024-12-18 08:24:33'),(386,1,'2024-12-18 08:27:42'),(387,1,'2024-12-18 08:41:43'),(388,1,'2024-12-18 08:42:21'),(389,1,'2024-12-18 08:43:12'),(390,1,'2024-12-18 08:43:42'),(391,1,'2024-12-18 08:47:01'),(392,1,'2024-12-18 09:07:27'),(393,1,'2024-12-18 09:19:42'),(394,1,'2024-12-18 09:20:19'),(395,1,'2024-12-18 09:20:50'),(396,1,'2024-12-18 09:21:52'),(397,1,'2024-12-18 09:23:05'),(398,1,'2024-12-18 09:23:58'),(399,1,'2024-12-18 10:42:17'),(400,1,'2024-12-18 10:43:47'),(401,1,'2024-12-18 10:44:49'),(402,1,'2024-12-18 10:46:11'),(403,1,'2024-12-18 10:46:49'),(404,1,'2024-12-18 16:42:33'),(405,1,'2024-12-18 16:43:30'),(406,1,'2024-12-18 16:44:46'),(407,1,'2024-12-18 16:45:10'),(408,1,'2024-12-18 16:45:31'),(409,1,'2024-12-18 16:45:58'),(410,1,'2024-12-18 17:57:37'),(411,1,'2024-12-18 18:01:11'),(412,1,'2024-12-18 18:15:12'),(413,1,'2024-12-18 18:20:56'),(414,1,'2024-12-18 18:42:09'),(415,21,'2024-12-18 18:50:47'),(416,21,'2024-12-18 19:03:51'),(417,1,'2024-12-18 19:04:11'),(418,21,'2024-12-18 19:04:42'),(419,1,'2024-12-18 19:05:34'),(420,21,'2024-12-18 19:06:06'),(421,16,'2024-12-18 19:13:08'),(422,16,'2024-12-18 19:34:09'),(423,1,'2024-12-18 19:37:45'),(424,1,'2024-12-18 19:45:21'),(425,16,'2024-12-18 19:45:26'),(426,21,'2024-12-18 20:06:10'),(427,21,'2024-12-18 20:08:03'),(428,1,'2024-12-18 20:30:17'),(429,1,'2024-12-18 20:34:30'),(430,1,'2024-12-18 21:33:35'),(431,1,'2024-12-18 21:36:17'),(432,3,'2024-12-18 21:37:26'),(433,1,'2024-12-18 21:37:44'),(434,1,'2024-12-18 21:45:43'),(435,1,'2024-12-18 21:48:57'),(436,1,'2024-12-18 21:58:56'),(437,1,'2024-12-18 21:59:39'),(438,1,'2024-12-18 22:36:34'),(439,3,'2024-12-18 22:36:57'),(440,1,'2024-12-18 22:58:16'),(441,1,'2024-12-18 23:00:44'),(442,1,'2024-12-18 23:04:35'),(443,1,'2024-12-18 23:50:55'),(444,1,'2024-12-18 23:52:20'),(445,1,'2024-12-19 03:57:38'),(446,1,'2024-12-19 04:12:43'),(447,1,'2024-12-19 04:16:00'),(448,1,'2024-12-19 04:17:15'),(449,1,'2024-12-19 04:19:13'),(450,1,'2024-12-19 04:21:42'),(451,1,'2024-12-19 04:26:45'),(452,1,'2024-12-19 04:40:54'),(453,1,'2024-12-19 04:41:58'),(454,1,'2024-12-19 04:45:58'),(455,1,'2024-12-19 04:46:31'),(456,1,'2024-12-19 04:48:20'),(457,1,'2024-12-19 04:53:20'),(458,1,'2024-12-19 04:54:35'),(459,1,'2024-12-19 04:56:02'),(460,1,'2024-12-19 05:00:17'),(461,1,'2024-12-19 05:02:08'),(462,1,'2024-12-19 05:03:01'),(463,1,'2024-12-19 06:44:24'),(464,1,'2024-12-19 06:45:05'),(465,1,'2024-12-19 06:48:54'),(466,1,'2024-12-19 06:50:34'),(467,1,'2024-12-19 06:53:41'),(468,1,'2024-12-19 06:54:43'),(469,1,'2024-12-19 06:59:24'),(470,1,'2024-12-19 07:01:08'),(471,1,'2024-12-19 07:05:15'),(472,1,'2024-12-19 07:06:33'),(473,1,'2024-12-19 07:10:27'),(474,1,'2024-12-19 07:15:49'),(475,1,'2024-12-19 07:25:53'),(476,1,'2024-12-19 07:27:52'),(477,1,'2024-12-19 07:30:40'),(478,1,'2024-12-19 07:31:40'),(479,1,'2024-12-19 07:32:25'),(480,1,'2024-12-19 07:34:58'),(481,1,'2024-12-19 07:36:32'),(482,1,'2024-12-19 08:53:58'),(483,1,'2024-12-19 08:54:33'),(484,1,'2024-12-19 08:55:58'),(485,1,'2024-12-19 09:00:32'),(486,1,'2024-12-19 09:01:35'),(487,1,'2024-12-19 09:01:55'),(488,1,'2024-12-19 09:04:26'),(489,1,'2024-12-19 09:06:27'),(490,1,'2024-12-19 09:06:52'),(491,1,'2024-12-19 09:08:09'),(492,1,'2024-12-19 09:18:30'),(493,1,'2024-12-19 13:57:35'),(494,3,'2024-12-19 14:00:08'),(495,1,'2024-12-19 14:10:00'),(496,1,'2024-12-19 14:25:58'),(497,1,'2024-12-19 14:28:11'),(498,1,'2024-12-19 14:37:03'),(499,21,'2024-12-19 14:38:03'),(500,1,'2024-12-19 14:46:01'),(501,1,'2024-12-19 14:47:36'),(502,1,'2024-12-19 14:48:55'),(503,1,'2024-12-19 14:51:57'),(504,1,'2024-12-19 14:56:23'),(505,1,'2024-12-19 15:01:26'),(506,1,'2024-12-19 15:03:20'),(507,1,'2024-12-19 15:05:31'),(508,1,'2024-12-19 15:07:10'),(509,1,'2024-12-19 15:17:09'),(510,1,'2024-12-19 15:19:42'),(511,1,'2024-12-19 15:25:34'),(512,1,'2024-12-19 15:26:20'),(513,1,'2024-12-19 15:28:49'),(514,1,'2024-12-19 15:29:36'),(515,1,'2024-12-19 15:39:54'),(516,1,'2024-12-19 15:41:47'),(517,1,'2024-12-19 15:43:16'),(518,1,'2024-12-19 15:45:43'),(519,1,'2024-12-19 15:48:55'),(520,1,'2024-12-19 15:57:09'),(521,1,'2024-12-19 15:58:01'),(522,1,'2024-12-19 16:01:03'),(523,1,'2024-12-19 16:42:06'),(524,3,'2024-12-19 16:42:59'),(525,1,'2024-12-19 16:44:09'),(526,1,'2024-12-19 18:46:44'),(527,21,'2024-12-19 18:46:55'),(528,21,'2024-12-19 18:47:44'),(529,1,'2024-12-19 19:11:42'),(530,1,'2024-12-19 19:14:00'),(531,1,'2024-12-20 03:34:23'),(532,1,'2024-12-20 04:34:20'),(533,1,'2024-12-20 04:36:11'),(534,1,'2024-12-20 04:40:12'),(535,1,'2024-12-20 04:42:22'),(536,1,'2024-12-20 04:43:44'),(537,1,'2024-12-20 04:44:30'),(538,1,'2024-12-20 04:45:13'),(539,1,'2024-12-20 04:45:59'),(540,1,'2024-12-20 04:47:45'),(541,1,'2024-12-20 04:50:41'),(542,1,'2024-12-20 04:52:17'),(543,1,'2024-12-20 04:52:51'),(544,1,'2024-12-20 08:23:28'),(545,1,'2024-12-20 08:26:45'),(546,1,'2024-12-20 08:29:53'),(547,1,'2024-12-20 08:32:11'),(548,1,'2024-12-20 08:38:19'),(549,1,'2024-12-20 08:39:16'),(550,1,'2024-12-20 08:42:06'),(551,1,'2024-12-20 08:46:19'),(552,1,'2024-12-20 08:52:30'),(553,1,'2024-12-20 09:08:55'),(554,1,'2024-12-20 09:13:04'),(555,1,'2024-12-20 09:17:59'),(556,1,'2024-12-20 09:19:12'),(557,1,'2024-12-20 09:42:09'),(558,1,'2024-12-20 12:38:17'),(559,1,'2024-12-20 13:04:48'),(560,1,'2024-12-20 13:05:14'),(561,2,'2024-12-20 13:05:45'),(562,21,'2024-12-20 13:06:37'),(563,3,'2024-12-20 13:09:47'),(564,1,'2024-12-20 13:18:20'),(565,2,'2024-12-20 13:18:26'),(566,3,'2024-12-20 13:18:33'),(567,21,'2024-12-20 13:18:40'),(568,2,'2024-12-20 13:22:05'),(569,1,'2024-12-20 13:32:01'),(570,2,'2024-12-20 13:32:57'),(571,22,'2024-12-22 02:04:22'),(572,17,'2024-12-22 02:04:53'),(573,22,'2024-12-22 02:36:03'),(574,21,'2024-12-22 02:37:01'),(575,21,'2024-12-22 02:38:38'),(576,21,'2024-12-22 02:42:17'),(577,22,'2024-12-22 02:48:11'),(578,2,'2024-12-22 02:48:24'),(579,22,'2024-12-22 02:53:20'),(580,3,'2024-12-22 02:53:29'),(581,14,'2024-12-22 02:55:54'),(582,2,'2024-12-22 02:57:35'),(584,1,'2024-12-22 09:09:20'),(586,1,'2024-12-22 09:14:14'),(588,1,'2024-12-22 09:44:26'),(589,1,'2024-12-22 09:47:12'),(590,1,'2024-12-22 09:49:01'),(592,1,'2024-12-22 09:52:47'),(597,22,'2024-12-22 10:04:05'),(598,15,'2024-12-22 10:04:27'),(600,1,'2024-12-22 10:10:12'),(602,1,'2024-12-22 10:14:50'),(603,1,'2024-12-22 10:17:02'),(607,1,'2024-12-22 10:25:30'),(609,2,'2024-12-22 10:28:36'),(610,2,'2024-12-22 10:29:51'),(611,2,'2024-12-22 10:33:01'),(612,31,'2024-12-22 10:52:27'),(613,1,'2024-12-22 10:52:54'),(614,1,'2024-12-22 10:58:45'),(615,1,'2024-12-22 11:01:50'),(616,1,'2024-12-22 11:03:35'),(617,1,'2024-12-22 11:05:51'),(618,1,'2024-12-22 11:08:49'),(619,1,'2024-12-22 11:12:43'),(620,31,'2024-12-22 11:12:59'),(621,2,'2024-12-22 11:14:44'),(622,1,'2024-12-22 11:19:31'),(623,31,'2024-12-22 11:20:03'),(624,2,'2024-12-22 11:20:50'),(625,2,'2024-12-22 11:21:37'),(626,31,'2024-12-22 11:22:13'),(627,1,'2024-12-22 11:23:24'),(628,31,'2024-12-22 11:23:52'),(629,31,'2024-12-22 11:24:25'),(630,31,'2024-12-22 11:25:08'),(631,2,'2024-12-22 11:26:58');
/*!40000 ALTER TABLE `login_history` ENABLE KEYS */;
UNLOCK TABLES;

--
-- Table structure for table `message_visibility`
--

DROP TABLE IF EXISTS `message_visibility`;
/*!40101 SET @saved_cs_client     = @@character_set_client */;
/*!50503 SET character_set_client = utf8mb4 */;
CREATE TABLE `message_visibility` (
  `visibility_id` int NOT NULL AUTO_INCREMENT,
  `message_id` int NOT NULL,
  `user_id` int DEFAULT NULL,
  `is_sender` tinyint(1) DEFAULT '0',
  `visibility_status` enum('visible','hidden','deleted') COLLATE utf8mb4_unicode_ci DEFAULT 'visible',
  `modified_at` timestamp NULL DEFAULT CURRENT_TIMESTAMP ON UPDATE CURRENT_TIMESTAMP,
  PRIMARY KEY (`visibility_id`),
  KEY `message_id` (`message_id`),
  KEY `user_id` (`user_id`),
  CONSTRAINT `message_visibility_ibfk_1` FOREIGN KEY (`message_id`) REFERENCES `group_messages` (`message_id`) ON DELETE CASCADE,
  CONSTRAINT `message_visibility_ibfk_2` FOREIGN KEY (`user_id`) REFERENCES `users` (`user_id`) ON DELETE SET NULL
) ENGINE=InnoDB AUTO_INCREMENT=355 DEFAULT CHARSET=utf8mb4 COLLATE=utf8mb4_unicode_ci;
/*!40101 SET character_set_client = @saved_cs_client */;

--
-- Dumping data for table `message_visibility`
--

LOCK TABLES `message_visibility` WRITE;
/*!40000 ALTER TABLE `message_visibility` DISABLE KEYS */;
INSERT INTO `message_visibility` VALUES (1,1,1,1,'visible','2024-12-08 16:48:54'),(2,1,2,0,'visible','2024-12-08 16:48:54'),(4,2,1,0,'visible','2024-12-08 16:48:59'),(5,2,2,1,'visible','2024-12-08 16:48:59'),(6,2,3,0,'visible','2024-12-08 16:48:59'),(7,3,1,1,'hidden','2024-12-18 22:35:12'),(8,3,3,0,'visible','2024-12-08 16:49:06'),(10,4,1,0,'visible','2024-12-08 16:49:18'),(11,4,2,1,'visible','2024-12-08 16:49:18'),(13,5,1,0,'visible','2024-12-08 16:49:26'),(14,5,2,1,'visible','2024-12-08 16:49:26'),(16,6,1,1,'visible','2024-12-08 16:50:06'),(17,6,2,0,'visible','2024-12-08 16:50:06'),(18,7,1,0,'visible','2024-12-09 02:34:18'),(19,7,2,1,'visible','2024-12-09 02:34:18'),(20,7,3,0,'visible','2024-12-09 02:34:18'),(21,8,1,0,'visible','2024-12-09 02:34:20'),(22,8,2,1,'visible','2024-12-09 02:34:20'),(23,8,3,0,'visible','2024-12-09 02:34:20'),(24,9,1,1,'visible','2024-12-09 02:34:26'),(25,9,2,0,'visible','2024-12-09 02:34:26'),(26,9,3,0,'visible','2024-12-09 02:34:26'),(27,10,1,0,'visible','2024-12-09 02:34:40'),(28,10,2,1,'visible','2024-12-09 02:34:40'),(29,11,1,1,'visible','2024-12-12 15:48:00'),(30,11,2,0,'visible','2024-12-12 15:48:00'),(32,12,1,1,'visible','2024-12-12 15:48:04'),(33,12,2,0,'visible','2024-12-12 15:48:04'),(35,13,1,1,'visible','2024-12-12 15:48:10'),(36,13,2,0,'visible','2024-12-12 15:48:10'),(38,14,1,1,'visible','2024-12-12 15:48:19'),(39,14,2,0,'visible','2024-12-12 15:48:19'),(41,15,1,1,'visible','2024-12-12 17:35:04'),(42,15,2,0,'visible','2024-12-12 17:35:04'),(43,15,3,0,'visible','2024-12-12 17:35:04'),(44,16,1,1,'visible','2024-12-12 18:27:30'),(45,16,17,0,'visible','2024-12-12 18:27:30'),(47,17,1,0,'visible','2024-12-13 03:29:15'),(48,17,15,1,'visible','2024-12-13 03:29:15'),(50,18,1,1,'visible','2024-12-13 03:29:38'),(51,18,15,0,'visible','2024-12-13 03:29:38'),(53,19,1,1,'visible','2024-12-13 03:29:41'),(54,19,15,0,'visible','2024-12-13 03:29:41'),(56,20,1,1,'visible','2024-12-13 07:20:49'),(57,20,14,0,'visible','2024-12-13 07:20:49'),(59,21,1,1,'hidden','2024-12-18 22:35:12'),(60,21,3,0,'visible','2024-12-14 16:00:51'),(62,22,1,1,'hidden','2024-12-18 22:35:12'),(63,22,3,0,'visible','2024-12-14 16:01:00'),(65,23,1,1,'hidden','2024-12-18 22:35:12'),(66,23,3,0,'visible','2024-12-14 16:01:02'),(68,24,1,0,'hidden','2024-12-18 22:35:12'),(69,24,3,1,'visible','2024-12-14 16:01:41'),(71,25,1,0,'hidden','2024-12-18 22:35:12'),(72,25,3,1,'visible','2024-12-14 16:02:28'),(74,26,1,0,'hidden','2024-12-18 22:35:12'),(75,26,3,1,'visible','2024-12-14 16:05:05'),(76,27,1,1,'visible','2024-12-18 18:46:10'),(77,27,21,0,'visible','2024-12-18 18:46:10'),(79,28,1,1,'visible','2024-12-18 19:05:42'),(80,28,21,0,'hidden','2024-12-19 18:47:00'),(82,29,1,1,'visible','2024-12-18 19:13:29'),(83,29,16,0,'visible','2024-12-18 19:13:29'),(85,30,1,0,'visible','2024-12-18 19:28:06'),(86,30,16,1,'visible','2024-12-18 19:28:06'),(88,31,1,0,'visible','2024-12-18 19:32:20'),(89,31,16,1,'visible','2024-12-18 19:32:20'),(91,32,1,0,'visible','2024-12-18 19:32:28'),(92,32,16,1,'visible','2024-12-18 19:32:28'),(94,33,1,0,'visible','2024-12-18 19:34:22'),(95,33,16,1,'visible','2024-12-18 19:34:22'),(97,34,1,0,'visible','2024-12-18 19:36:44'),(98,34,16,1,'visible','2024-12-18 19:36:44'),(100,35,1,1,'visible','2024-12-18 19:40:08'),(101,35,16,0,'visible','2024-12-18 19:40:08'),(103,36,1,0,'visible','2024-12-18 19:41:43'),(104,36,16,1,'visible','2024-12-18 19:41:43'),(106,37,1,0,'visible','2024-12-18 19:42:34'),(107,37,16,1,'visible','2024-12-18 19:42:34'),(109,38,1,1,'visible','2024-12-18 19:42:48'),(110,38,16,0,'visible','2024-12-18 19:42:48'),(112,39,1,1,'visible','2024-12-19 04:19:33'),(113,39,2,0,'visible','2024-12-19 04:19:33'),(115,40,1,1,'visible','2024-12-19 04:19:34'),(116,40,2,0,'visible','2024-12-19 04:19:34'),(118,41,1,1,'visible','2024-12-19 04:19:34'),(119,41,2,0,'visible','2024-12-19 04:19:34'),(121,42,1,1,'visible','2024-12-19 04:19:34'),(122,42,2,0,'visible','2024-12-19 04:19:34'),(124,43,1,1,'visible','2024-12-19 04:19:35'),(125,43,2,0,'visible','2024-12-19 04:19:35'),(127,44,1,1,'visible','2024-12-19 04:19:35'),(128,44,2,0,'visible','2024-12-19 04:19:35'),(130,45,1,1,'visible','2024-12-19 04:19:36'),(131,45,2,0,'visible','2024-12-19 04:19:36'),(133,46,1,1,'visible','2024-12-19 04:19:36'),(134,46,2,0,'visible','2024-12-19 04:19:36'),(136,47,1,1,'visible','2024-12-19 04:19:37'),(137,47,2,0,'visible','2024-12-19 04:19:37'),(139,48,1,1,'visible','2024-12-19 04:19:37'),(140,48,2,0,'visible','2024-12-19 04:19:37'),(142,49,1,1,'visible','2024-12-19 04:19:39'),(143,49,2,0,'visible','2024-12-19 04:19:39'),(145,50,1,1,'visible','2024-12-19 04:19:43'),(146,50,2,0,'visible','2024-12-19 04:19:43'),(148,51,1,1,'visible','2024-12-19 05:03:39'),(149,51,2,0,'visible','2024-12-19 05:03:39'),(151,52,1,1,'visible','2024-12-19 05:03:40'),(152,52,2,0,'visible','2024-12-19 05:03:40'),(154,53,1,1,'visible','2024-12-19 05:03:40'),(155,53,2,0,'visible','2024-12-19 05:03:40'),(157,54,1,1,'visible','2024-12-19 05:03:40'),(158,54,2,0,'visible','2024-12-19 05:03:40'),(160,55,1,1,'visible','2024-12-19 05:03:41'),(161,55,2,0,'visible','2024-12-19 05:03:41'),(163,56,1,1,'visible','2024-12-19 05:03:41'),(164,56,2,0,'visible','2024-12-19 05:03:41'),(166,57,1,1,'visible','2024-12-19 05:03:42'),(167,57,2,0,'visible','2024-12-19 05:03:42'),(169,58,1,1,'visible','2024-12-19 05:03:42'),(170,58,2,0,'visible','2024-12-19 05:03:42'),(172,59,1,1,'visible','2024-12-19 05:03:43'),(173,59,2,0,'visible','2024-12-19 05:03:43'),(175,60,1,1,'visible','2024-12-19 05:03:45'),(176,60,2,0,'visible','2024-12-19 05:03:45'),(178,61,1,1,'visible','2024-12-19 05:03:46'),(179,61,2,0,'visible','2024-12-19 05:03:46'),(181,62,1,1,'visible','2024-12-19 05:03:47'),(182,62,2,0,'visible','2024-12-19 05:03:47'),(184,63,1,1,'visible','2024-12-19 05:03:48'),(185,63,2,0,'visible','2024-12-19 05:03:48'),(187,64,1,1,'visible','2024-12-19 05:03:49'),(188,64,2,0,'visible','2024-12-19 05:03:49'),(190,65,1,1,'hidden','2024-12-19 13:59:14'),(191,65,3,0,'visible','2024-12-19 09:19:51'),(193,66,1,1,'hidden','2024-12-19 13:59:14'),(194,66,3,0,'visible','2024-12-19 13:59:02'),(196,67,1,1,'hidden','2024-12-19 13:59:14'),(197,67,3,0,'visible','2024-12-19 13:59:07'),(199,68,1,0,'visible','2024-12-19 14:00:31'),(200,68,2,0,'visible','2024-12-19 14:00:31'),(201,68,3,1,'visible','2024-12-19 14:00:31'),(202,69,1,1,'hidden','2024-12-19 16:42:39'),(203,69,3,0,'visible','2024-12-19 16:42:20'),(205,70,1,1,'hidden','2024-12-19 16:42:39'),(206,70,3,0,'visible','2024-12-19 16:42:27'),(208,71,1,1,'deleted','2024-12-19 18:47:23'),(209,71,21,0,'deleted','2024-12-19 18:49:47'),(211,72,1,0,'visible','2024-12-20 13:05:58'),(212,72,2,1,'visible','2024-12-20 13:05:58'),(213,72,3,0,'visible','2024-12-20 13:05:58'),(214,73,1,0,'visible','2024-12-20 13:06:48'),(215,73,2,0,'visible','2024-12-20 13:06:48'),(216,73,3,0,'visible','2024-12-20 13:06:48'),(217,73,21,1,'visible','2024-12-20 13:06:48'),(221,74,1,0,'visible','2024-12-20 13:08:19'),(222,74,2,1,'visible','2024-12-20 13:08:19'),(223,74,3,0,'visible','2024-12-20 13:08:19'),(224,74,21,0,'visible','2024-12-20 13:08:19'),(228,75,1,0,'visible','2024-12-20 13:10:09'),(229,75,2,0,'visible','2024-12-20 13:10:09'),(230,75,3,0,'visible','2024-12-20 13:10:09'),(231,75,21,1,'visible','2024-12-20 13:10:09'),(235,76,1,0,'visible','2024-12-20 13:12:44'),(236,76,2,0,'visible','2024-12-20 13:12:44'),(237,76,3,0,'visible','2024-12-20 13:12:44'),(238,76,21,1,'visible','2024-12-20 13:12:44'),(242,77,1,0,'visible','2024-12-20 13:15:08'),(243,77,2,0,'visible','2024-12-20 13:15:08'),(244,77,3,1,'visible','2024-12-20 13:15:08'),(245,77,21,0,'visible','2024-12-20 13:15:08'),(249,78,1,0,'visible','2024-12-20 13:16:08'),(250,78,2,0,'visible','2024-12-20 13:16:08'),(251,78,3,1,'visible','2024-12-20 13:16:08'),(252,78,21,0,'visible','2024-12-20 13:16:08'),(256,79,1,0,'visible','2024-12-20 13:16:25'),(257,79,2,0,'visible','2024-12-20 13:16:25'),(258,79,3,1,'visible','2024-12-20 13:16:25'),(259,79,21,0,'visible','2024-12-20 13:16:25'),(263,80,1,0,'visible','2024-12-20 13:16:48'),(264,80,2,0,'visible','2024-12-20 13:16:48'),(265,80,3,1,'visible','2024-12-20 13:16:48'),(266,80,21,0,'visible','2024-12-20 13:16:48'),(270,81,1,0,'visible','2024-12-20 13:18:48'),(271,81,2,0,'visible','2024-12-20 13:18:48'),(272,81,3,0,'visible','2024-12-20 13:18:48'),(273,81,21,1,'visible','2024-12-20 13:18:48'),(277,82,2,0,'visible','2024-12-20 13:20:24'),(278,82,3,1,'visible','2024-12-20 13:20:24'),(280,83,1,1,'visible','2024-12-20 13:32:32'),(281,83,2,0,'visible','2024-12-20 13:32:32'),(283,84,21,0,'visible','2024-12-22 02:43:07'),(284,84,22,1,'visible','2024-12-22 02:43:07'),(286,85,14,1,'visible','2024-12-22 02:56:46'),(287,85,22,0,'visible','2024-12-22 02:56:46'),(289,86,2,0,'visible','2024-12-22 02:58:01'),(290,86,14,1,'visible','2024-12-22 02:58:01'),(331,100,1,1,'visible','2024-12-22 10:52:59'),(332,100,31,0,'visible','2024-12-22 10:52:59'),(334,101,1,0,'visible','2024-12-22 11:14:02'),(335,101,31,1,'visible','2024-12-22 11:14:02'),(337,102,1,0,'visible','2024-12-22 11:14:55'),(338,102,2,1,'visible','2024-12-22 11:14:55'),(339,102,31,0,'visible','2024-12-22 11:14:55'),(340,103,1,1,'hidden','2024-12-22 11:22:50'),(341,103,31,0,'hidden','2024-12-22 11:24:10'),(343,104,1,0,'hidden','2024-12-22 11:22:50'),(344,104,31,1,'hidden','2024-12-22 11:23:58'),(346,105,1,0,'hidden','2024-12-22 11:22:50'),(347,105,2,1,'visible','2024-12-22 11:20:58'),(348,105,31,0,'hidden','2024-12-22 11:24:08'),(349,106,1,1,'deleted','2024-12-22 11:24:51'),(350,106,31,0,'deleted','2024-12-22 11:24:51'),(352,107,2,0,'visible','2024-12-22 11:26:38'),(353,107,31,1,'visible','2024-12-22 11:26:38');
/*!40000 ALTER TABLE `message_visibility` ENABLE KEYS */;
UNLOCK TABLES;

--
-- Table structure for table `spam_list`
--

DROP TABLE IF EXISTS `spam_list`;
/*!40101 SET @saved_cs_client     = @@character_set_client */;
/*!50503 SET character_set_client = utf8mb4 */;
CREATE TABLE `spam_list` (
  `report_id` int NOT NULL AUTO_INCREMENT,
  `report_by` int DEFAULT NULL,
  `report_user` int DEFAULT NULL,
  `report_at` timestamp NULL DEFAULT NULL,
  PRIMARY KEY (`report_id`),
  KEY `report_by` (`report_by`),
  KEY `report_user` (`report_user`),
  CONSTRAINT `spam_list_ibfk_1` FOREIGN KEY (`report_by`) REFERENCES `users` (`user_id`) ON DELETE CASCADE,
  CONSTRAINT `spam_list_ibfk_2` FOREIGN KEY (`report_user`) REFERENCES `users` (`user_id`) ON DELETE CASCADE
) ENGINE=InnoDB AUTO_INCREMENT=2 DEFAULT CHARSET=utf8mb4 COLLATE=utf8mb4_unicode_ci;
/*!40101 SET character_set_client = @saved_cs_client */;

--
-- Dumping data for table `spam_list`
--

LOCK TABLES `spam_list` WRITE;
/*!40000 ALTER TABLE `spam_list` DISABLE KEYS */;
INSERT INTO `spam_list` VALUES (1,1,2,NULL);
/*!40000 ALTER TABLE `spam_list` ENABLE KEYS */;
UNLOCK TABLES;

--
-- Table structure for table `user_friends`
--

DROP TABLE IF EXISTS `user_friends`;
/*!40101 SET @saved_cs_client     = @@character_set_client */;
/*!50503 SET character_set_client = utf8mb4 */;
CREATE TABLE `user_friends` (
  `user_id_1` int NOT NULL,
  `user_id_2` int NOT NULL,
  `status` enum('pending_1_2','pending_2_1','friends','block_1_2','block_2_1') COLLATE utf8mb4_unicode_ci NOT NULL,
  `requested_at` timestamp NULL DEFAULT CURRENT_TIMESTAMP,
  PRIMARY KEY (`user_id_1`,`user_id_2`),
  KEY `user_id_2` (`user_id_2`),
  CONSTRAINT `user_friends_ibfk_1` FOREIGN KEY (`user_id_1`) REFERENCES `users` (`user_id`) ON DELETE CASCADE,
  CONSTRAINT `user_friends_ibfk_2` FOREIGN KEY (`user_id_2`) REFERENCES `users` (`user_id`) ON DELETE CASCADE
) ENGINE=InnoDB DEFAULT CHARSET=utf8mb4 COLLATE=utf8mb4_unicode_ci;
/*!40101 SET character_set_client = @saved_cs_client */;

--
-- Dumping data for table `user_friends`
--

LOCK TABLES `user_friends` WRITE;
/*!40000 ALTER TABLE `user_friends` DISABLE KEYS */;
INSERT INTO `user_friends` VALUES (1,2,'friends','2024-12-14 15:50:03'),(1,14,'block_1_2','2024-12-12 08:22:08'),(1,15,'pending_2_1','2024-12-14 15:49:40'),(1,16,'block_1_2','2024-12-18 18:22:49'),(1,17,'block_1_2','2024-12-13 07:19:44'),(1,18,'pending_2_1','2024-12-14 11:00:59'),(1,21,'block_1_2','2024-12-18 19:03:17'),(1,31,'friends','2024-12-22 10:53:07'),(2,14,'friends','2024-12-22 02:57:48'),(2,22,'friends','2024-12-22 02:48:37'),(3,22,'friends','2024-12-22 02:53:37'),(14,21,'pending_2_1','2024-12-18 20:08:38'),(14,22,'friends','2024-12-22 02:55:57'),(15,22,'friends','2024-12-22 10:04:30'),(16,21,'friends','2024-12-18 20:05:40'),(17,21,'pending_2_1','2024-12-18 20:08:40'),(17,22,'pending_2_1','2024-12-22 02:05:03'),(21,22,'friends','2024-12-22 02:42:49');
/*!40000 ALTER TABLE `user_friends` ENABLE KEYS */;
UNLOCK TABLES;

--
-- Table structure for table `users`
--

DROP TABLE IF EXISTS `users`;
/*!40101 SET @saved_cs_client     = @@character_set_client */;
/*!50503 SET character_set_client = utf8mb4 */;
CREATE TABLE `users` (
  `user_id` int NOT NULL AUTO_INCREMENT,
  `username` varchar(50) COLLATE utf8mb4_unicode_ci NOT NULL,
  `email` varchar(100) COLLATE utf8mb4_unicode_ci NOT NULL,
  `password_hash` varchar(255) COLLATE utf8mb4_unicode_ci NOT NULL,
  `address` varchar(255) COLLATE utf8mb4_unicode_ci DEFAULT NULL,
  `date_of_birth` date DEFAULT NULL,
  `gender` enum('Male','Female','Other') COLLATE utf8mb4_unicode_ci DEFAULT 'Other',
  `created_at` timestamp NULL DEFAULT CURRENT_TIMESTAMP,
  `verify_code` varchar(255) COLLATE utf8mb4_unicode_ci DEFAULT NULL,
  `status` enum('online','offline') COLLATE utf8mb4_unicode_ci DEFAULT 'offline',
  `role` enum('admin','user') COLLATE utf8mb4_unicode_ci DEFAULT 'user',
  `is_locked` tinyint(1) DEFAULT '0',
  `name` varchar(100) COLLATE utf8mb4_unicode_ci NOT NULL,
  PRIMARY KEY (`user_id`),
  UNIQUE KEY `username` (`username`),
  UNIQUE KEY `email` (`email`)
) ENGINE=InnoDB AUTO_INCREMENT=32 DEFAULT CHARSET=utf8mb4 COLLATE=utf8mb4_unicode_ci;
/*!40101 SET character_set_client = @saved_cs_client */;

--
-- Dumping data for table `users`
--

LOCK TABLES `users` WRITE;
/*!40000 ALTER TABLE `users` DISABLE KEYS */;
INSERT INTO `users` VALUES (1,'ltan22','ltan22@clc.fitus.edu.vn','$2a$10$2y7eLmgGAqEpCXonCHLHeuYh1XjKgDIKtMXUqsorc7HqNH9jyHM..','Tran Van Dang','2004-06-11','Male','2024-12-08 16:33:17','pXbG459D','online','user',0,'ltan22'),(2,'hpn','hpnghia22@gmail.com','$2a$10$V6pOkdJnffzMLaMVhHMxzuID87AWuxukisrjM6W4loPQCVF4fCN92','Ha Noi','2004-10-16','Male','2024-12-08 16:33:17',NULL,'offline','user',0,'hpn'),(3,'vtkngan','vtkngan23@gmail.com','$2a$10$V6pOkdJnffzMLaMVhHMxzuID87AWuxukisrjM6W4loPQCVF4fCN92','Ninh Thuan','2005-05-09','Female','2024-12-08 16:33:17',NULL,'offline','user',0,'Van Thi Kim Ngan'),(14,'penny','penny@gmail.com','$2a$10$V6pOkdJnffzMLaMVhHMxzuID87AWuxukisrjM6W4loPQCVF4fCN92','Uc','2004-10-15','Female','2024-12-10 17:42:45',NULL,'offline','user',0,'Nguyen Nhu Ngoc'),(15,'lpttrinh','lpttrinh05@gmail.com','$2a$10$V6pOkdJnffzMLaMVhHMxzuID87AWuxukisrjM6W4loPQCVF4fCN92','Phan Rang','2005-12-06','Female','2024-12-12 13:56:37',NULL,'offline','user',0,'Le Pham Thuy Trinh'),(16,'dmkhoi','dmkhoi04@gmail.com','$2a$10$V6pOkdJnffzMLaMVhHMxzuID87AWuxukisrjM6W4loPQCVF4fCN92','Binh Dinh','2004-06-24','Male','2024-12-12 14:02:10',NULL,'offline','user',0,'Dang Minh Khoi'),(17,'nttkiet22','nttkiet22@gmail.com','$2a$10$V6pOkdJnffzMLaMVhHMxzuID87AWuxukisrjM6W4loPQCVF4fCN92','Da Lat','2004-09-10','Male','2024-12-12 14:02:10',NULL,'offline','user',0,'Nguyen Thanh Tuan Kiet'),(18,'lptuyen22','lptuyen22@clc.fitus.edu.vn','$2a$10$V6pOkdJnffzMLaMVhHMxzuID87AWuxukisrjM6W4loPQCVF4fCN92','Da Lat','2004-04-07','Female','2024-12-14 11:00:31',NULL,'offline','user',0,'Le Pham Thuy Uyen'),(19,'admin','admin@system.com','$2a$10$M7BxJYe6YXai8L98iwy6z.FM2Wy5EHDe4iZHwOwz5841NHsAfI/be','None','2024-01-01','Other','2024-12-17 09:34:57',NULL,'offline','admin',0,'ADMIN'),(21,'ltbanh04','letranbaoanh@gmail.com','$2a$10$V6pOkdJnffzMLaMVhHMxzuID87AWuxukisrjM6W4loPQCVF4fCN92','Ho Chi Minh','2024-07-14','Female','2024-12-18 16:55:06',NULL,'offline','user',0,'Le Tran Bao Anh'),(22,'tmnghi04','tmnghi@gmail.com','$2a$10$M7BxJYe6YXai8L98iwy6z.FM2Wy5EHDe4iZHwOwz5841NHsAfI/be','Ho Chi Minh',NULL,'Female','2024-12-18 16:55:06',NULL,'offline','user',0,'Tong Minh Nghi'),(31,'lethienan1106','lethienan1106@gmail.com','$2a$10$lesntOnbd5hgskLGTsS9uuOu8S3tNbUaP06jwKq/USNn2lSE9I90e','Ho Chi Minh','2004-06-11','Male','2024-12-22 10:51:11','RIoUYT22','online','user',0,'lethienan1106');
/*!40000 ALTER TABLE `users` ENABLE KEYS */;
UNLOCK TABLES;
/*!40103 SET TIME_ZONE=@OLD_TIME_ZONE */;

/*!40101 SET SQL_MODE=@OLD_SQL_MODE */;
/*!40014 SET FOREIGN_KEY_CHECKS=@OLD_FOREIGN_KEY_CHECKS */;
/*!40014 SET UNIQUE_CHECKS=@OLD_UNIQUE_CHECKS */;
/*!40101 SET CHARACTER_SET_CLIENT=@OLD_CHARACTER_SET_CLIENT */;
/*!40101 SET CHARACTER_SET_RESULTS=@OLD_CHARACTER_SET_RESULTS */;
/*!40101 SET COLLATION_CONNECTION=@OLD_COLLATION_CONNECTION */;
/*!40111 SET SQL_NOTES=@OLD_SQL_NOTES */;

-- Dump completed on 2024-12-22 18:55:30
